{
  "feature_version": 1,
  "feature_names": [
    "bias",
    "cp_sat",
    "avg_skill",
    "rating_delta",
    "cp_x_skill",
    "ply_norm",
    "tc_bullet",
    "tc_rapid",
    "tc_classical",
    "tc_correspondence"
  ],
  "class_order": [
    "white_win",
    "draw",
    "white_loss"
  ],
  "weights": [
    [
      0.40124530386795104,
      0.4102089574901472,
      -0.43090476437343694,
      0.13716334699980953,
      -0.09922685414857862,
      -0.34547735448814454,
      -0.5917011766125346,
      -0.49301068262680237,
      0.0,
      0.0
    ],
    [
      -0.21513764019939458,
      -0.03567016816414288,
      0.9906562378665978,
      -0.0476242693066776,
      -0.0030130480490042346,
      0.20428678786141008,
      -0.18914686907098155,
      0.6915513820637771,
      0.0,
      0.0
    ],
    [
      -0.1861076636685564,
      -0.3745387893260042,
      -0.5597514734931608,
      -0.08953907769313202,
      0.10223990219758289,
      0.1411905666267348,
      0.7808480456835161,
      -0.19854069943697533,
      0.0,
      0.0
    ]
  ],
  "meta": {
    "n_train": 15,
    "iters": 4000,
    "lr": 0.5,
    "l2": 0.1,
    "final_log_loss": 0.36298866216838765
  }
}
