{
  "feature_version": 1,
  "feature_names": [
    "bias",
    "cp_sat",
    "avg_skill",
    "rating_delta",
    "cp_x_skill",
    "ply_norm",
    "tc_bullet",
    "tc_rapid",
    "tc_classical",
    "tc_correspondence"
  ],
  "class_order": [
    "white_win",
    "draw",
    "white_loss"
  ],
  "weights": [
    [
      1.244718137574492,
      1.0424668704062534,
      -0.21921156003665462,
      1.0175842188248458,
      0.04853267545760459,
      -0.2717598835624205,
      -0.09993702401905741,
      -0.6159549750890794,
      0.23797063623953826,
      -0.5872866458199998
    ],
    [
      -2.1178954023758774,
      -0.5862629402163841,
      0.49894634030760265,
      -0.21139645906841184,
      0.3501057672904585,
      0.7169351473404721,
      -0.23202225073403723,
      0.6316010111885149,
      -0.8339301333429304,
      -0.11572598983132233
    ],
    [
      0.8731772648013767,
      -0.45620393018987315,
      -0.2797347802709537,
      -0.8061877597564301,
      -0.3986384427480635,
      -0.44517526377804956,
      0.33195927475309667,
      -0.01564603609943507,
      0.5959594971033936,
      0.7030126356513193
    ]
  ],
  "meta": {
    "n_train": 50000,
    "iters": 3000,
    "lr": 0.5,
    "l2": 0.0001,
    "final_log_loss": 0.650952301247051
  }
}
